,fmin,fmax,Nchan,Nhorns,Detector Count,Beam in Arcseconds,Loading at Detector in pW,NEP at Detectors in aWrtHz,NEFD of a Single Detector,NET_RJ of a Single Detector,NET_RJ of Entire Frequency Band
0,92.45375,92.54625,378,500,189000.0,15.135135135135137,0.0034906896361296975,0.8359812016534173,4.340221107878172,3011.617346142682,6.92737802830362
1,149.925,150.075,266,500,133000.0,9.333333333333334,0.005479431866562992,1.22054091502183,3.793503812677878,2638.416724611824,7.234650753432798
2,219.89,220.11,227,500,113500.0,6.363636363636363,0.009359060990559082,1.887587298865225,4.257486364448343,2914.670206013171,8.65150156803324
3,277.36125,277.63875,234,500,117000.0,5.045045045045045,0.015293377139307278,2.712332787770313,4.870457430764898,3257.517347500347,9.523439042189807
4,349.825,350.175,85,500,42500.0,4.0,0.034106201616601245,4.739882396898494,7.112816950228606,4391.488670547952,21.30184899102645
5,404.7975,405.2025,74,500,37000.0,3.45679012345679,0.060713622617172426,7.111047219438142,10.165636044590373,5624.226740574359,29.2389625418567
6,667.16625,667.83375,127,500,63500.0,2.0973782771535583,0.21981614932800517,18.40330865720304,27.76859984136682,8906.993198679578,35.34632432333609
7,872.06375,872.93625,63,500,31500.0,1.6045845272206305,0.3064172481667785,23.877546203934486,31.489872439303102,8899.839212264651,50.14491317763439
