,fmin,fmax,Nwafer,det_spacing_freq,Detector Count,Beam in Arcseconds,Loading at Detector in pW,NEP at Detectors in aWrtHz,NEFD of a Single Detector,NEFD of Entire Frequency Band,Mapping speed in deg^2/mJ^2/hour,Mapping speed in deg^2/(30 uJ)^2/hour,NET_RJ of a Single Detector,NET_RJ of Entire Frequency Band,Mapping speed in deg^2/uKrj^2/hour
0,75.0,110.0,4,120.0,5840.0,15.135135135135137,3.0202743304083337,29.954679139317207,0.19846267947048057,0.0025970028544050807,10690.294549791064,0.0962126509481196,136.79811739178456,1.7900851802041102,0.022500238995264855
1,130.0,170.0,4,120.0,5840.0,9.333333333333334,3.0789766226840882,33.02540318011379,0.1915492284300846,0.002506536212850094,4364.027774791191,0.03927624997312073,132.82190300976444,1.7380540369816955,0.009076301693778165
2,195.0,245.0,6,250.0,38004.0,6.363636363636363,4.893072631000369,49.097043860007645,0.23002547525862918,0.0011799436895519988,9154.825388204586,0.08239342849384129,156.43507218794178,0.8024527546143991,0.01979400541975516
3,245.0,310.0,6,250.0,38004.0,5.045045045045045,7.788638606989703,69.3178842473035,0.25200161976617375,0.0012926729992217426,4794.183588444376,0.04314765229599939,168.07986397978158,0.8621861322999771,0.010776803136609725
4,335.0,365.0,16,375.0,228032.0,4.0,6.551153167289951,77.76934158020988,0.6598055720815303,0.001381713753928188,2637.8235475170472,0.02374041192765343,402.26969621357347,0.8424020583720185,0.007096481313090101
5,390.0,420.0,16,375.0,228032.0,3.45679012345679,10.521032514890043,114.95252757167484,1.1501420990653635,0.002408538552102558,648.3368999213628,0.005835032099292267,604.8786964498598,1.2666901428344577,0.0023440515725747565
6,625.0,710.0,8,640.0,332080.0,2.0973782771535583,62.56720001803169,385.1762123507837,2.594954367308057,0.004503066545420846,68.280818894041,0.0006145273700463691,726.02999173514,1.2598916605020067,0.0008722662086021028
7,845.0,900.0,8,870.0,613648.0,1.6045845272206305,40.720661000730324,328.1353534604811,3.6561295407671337,0.004667259123411087,37.201743411198926,0.00033481569070079037,962.5514341156297,1.2287521305073839,0.000536733313993619
8,,,42,,,,2.3400582477040014e-07,0.021193786813650167,2066.4902306825043,,,,1448388.8024249116,,
